Subject,Start Date,Start Time,End Date,End Time,All Day Event,Description,Location,Private
"ğŸ“± TikTok: Morning Skincare Routine","8/1/2025","8:00 AM","8/1/2025","8:30 AM",FALSE,"Quick 3-step morning skincare routine #SkincareRoutine #MorningGlow #NaturalBeauty","TikTok",FALSE
"ğŸ“¸ Instagram: Before & After Makeup","8/1/2025","12:00 PM","8/1/2025","12:30 PM",FALSE,"Dramatic before & after makeup transformation #MakeupTransformation #BeautyTransformation #MakeupMagic","Instagram",FALSE
"ğŸ“± TikTok: 60-Second Hair Hack","8/2/2025","6:00 PM","8/2/2025","6:05 PM",FALSE,"Quick hairstyle for second-day hair #HairHack #QuickHairstyle #HairTips","TikTok",FALSE
"ğŸ“ Blog: 10 Natural Ingredients for Glowing Skin","8/3/2025","10:00 AM","8/3/2025","11:00 AM",FALSE,"Detailed blog post about natural skincare ingredients with SEO optimization #NaturalSkincare #GlowingSkin #BeautyBlog","Website",FALSE
"ğŸ“¸ Instagram Reels: 5-Minute Face Massage","8/3/2025","3:00 PM","8/3/2025","3:10 PM",FALSE,"Guided face massage tutorial for lymphatic drainage #FaceMassage #LymphaticDrainage #NaturalFacelift","Instagram",FALSE
"ğŸ“± TikTok: Quick Makeup for Zoom Calls","8/4/2025","8:30 AM","8/4/2025","8:40 AM",FALSE,"5-minute professional makeup look for video calls #ZoomMakeup #WorkFromHome #QuickMakeup","TikTok",FALSE
"ğŸ“¸ Instagram: Product Review - Vitamin C Serum","8/4/2025","1:00 PM","8/4/2025","1:15 PM",FALSE,"Honest review of popular Vitamin C serum #SkincareReview #VitaminC #GlowingSkin","Instagram",FALSE
"ğŸ“± TikTok: Nighttime Skincare Routine","8/5/2025","9:00 PM","8/5/2025","9:15 PM",FALSE,"Detailed nighttime skincare routine for repair and hydration #NightRoutine #SkincareLover #SelfCare","TikTok",FALSE
"ğŸ“¸ Instagram: Makeup of the Day","8/5/2025","11:00 AM","8/5/2025","11:15 AM",FALSE,"Full face of makeup with product list #MOTD #MakeupLover #BeautyInfluencer","Instagram",FALSE
"ğŸ“ Blog: DIY Hair Masks for All Hair Types","8/6/2025","10:00 AM","8/6/2025","11:00 AM",FALSE,"Comprehensive guide to homemade hair masks #DIYSpa #HairCare #NaturalHair","Website",FALSE
"ğŸ“± TikTok: Quick Brow Tutorial","8/6/2025","5:00 PM","8/6/2025","5:10 PM",FALSE,"How to get perfect brows in 60 seconds #BrowTutorial #BrowGoals #MakeupHack","TikTok",FALSE
"ğŸ“¸ Instagram: Skincare Ingredients to Avoid","8/7/2025","2:00 PM","8/7/2025","2:15 PM",FALSE,"Infographic on harmful skincare ingredients to watch out for #CleanBeauty #SkincareTips #ToxicFree","Instagram",FALSE
"ğŸ“± TikTok: Morning vs Night Skincare","8/7/2025","7:00 PM","8/7/2025","7:15 PM",FALSE,"Side-by-side comparison of AM vs PM skincare routines #SkincareRoutine #DayAndNight #SkincareLover","TikTok",FALSE
"ğŸ“¸ Instagram: Hair Transformation","8/8/2025","12:00 PM","8/8/2025","12:15 PM",FALSE,"Dramatic hair color transformation before & after #HairTransformation #HairColor #HairGoals","Instagram",FALSE
"ğŸ“± TikTok: Quick Makeup Fixes","8/8/2025","6:00 PM","8/8/2025","6:10 PM",FALSE,"3 makeup mistakes you're making and how to fix them #MakeupTips #BeautyHacks #MakeupMistakes","TikTok",FALSE
"ğŸ“ Blog: The Ultimate Guide to Clean Beauty","8/9/2025","10:00 AM","8/9/2025","11:00 AM",FALSE,"Comprehensive guide to clean beauty products and practices #CleanBeauty #NonToxic #GreenBeauty","Website",FALSE
"ğŸ“¸ Instagram Reels: 5-Minute Eyeshadow Look","8/9/2025","3:00 PM","8/9/2025","3:10 PM",FALSE,"Quick and easy eyeshadow look for beginners #EyeshadowTutorial #MakeupForBeginners #QuickMakeup","Instagram",FALSE
"ğŸ“± TikTok: Hair Growth Tips","8/10/2025","10:00 AM","8/10/2025","10:10 AM",FALSE,"3 proven tips for faster hair growth #HairGrowth #HairCareTips #LongHair","TikTok",FALSE
"ğŸ“¸ Instagram: Skincare Shelfie","8/10/2025","2:00 PM","8/10/2025","2:15 PM",FALSE,"Current skincare routine with mini reviews #Shelfie #SkincareRoutine #SkincareAddict","Instagram",FALSE
"ğŸ“± TikTok: Quick Contour Hack","8/11/2025","5:00 PM","8/11/2025","5:10 PM",FALSE,"30-second contouring trick for beginners #ContourHack #MakeupTutorial #BeautyHack","TikTok",FALSE
"ğŸ“¸ Instagram: Before & After Skincare","8/11/2025","1:00 PM","8/11/2025","1:15 PM",FALSE,"3-month skincare transformation using specific products #SkincareJourney #GlowUp #BeforeAndAfter","Instagram",FALSE
"ğŸ“ Blog: How to Choose the Right Foundation","8/12/2025","10:00 AM","8/12/2025","11:00 AM",FALSE,"Comprehensive guide to finding your perfect foundation match #FoundationMatch #MakeupTips #BeautyGuide","Website",FALSE
"ğŸ“± TikTok: Quick Hairstyle for Work","8/12/2025","8:00 AM","8/12/2025","8:10 AM",FALSE,"Professional hairstyle in under 5 minutes #WorkHairstyle #ProfessionalLook #HairTutorial","TikTok",FALSE
"ğŸ“¸ Instagram: Best Skincare for Acne-Prone Skin","8/13/2025","3:00 PM","8/13/2025","3:15 PM",FALSE,"Skincare routine for acne-prone skin with product recommendations #AcneProneSkin #SkincareRoutine #ClearSkin","Instagram",FALSE
"ğŸ“± TikTok: Makeup Organization Hacks","8/13/2025","7:00 PM","8/13/2025","7:10 PM",FALSE,"Creative ways to organize your makeup collection #MakeupOrganization #BeautyHack #MakeupStorage","TikTok",FALSE
"ğŸ“¸ Instagram: Natural Makeup Look","8/14/2025","11:00 AM","8/14/2025","11:15 AM",FALSE,"Step-by-step natural makeup tutorial #NoMakeupMakeup #NaturalLook #EverydayMakeup","Instagram",FALSE
"ğŸ“± TikTok: Quick Lip Scrub DIY","8/14/2025","6:00 PM","8/14/2025","6:10 PM",FALSE,"2-ingredient lip scrub for soft lips #LipScrub #DIYBeauty #LipCare","TikTok",FALSE
"ğŸ“ Blog: The Science of Retinol","8/15/2025","10:00 AM","8/15/2025","11:00 AM",FALSE,"In-depth look at how retinol works and how to use it effectively #Retinol #AntiAging #SkincareScience","Website",FALSE
"ğŸ“¸ Instagram Reels: 5-Minute Blowout","8/15/2025","4:00 PM","8/15/2025","4:10 PM",FALSE,"Quick salon-worthy blowout at home #BlowoutTutorial #HairStyling #AtHomeBlowout","Instagram",FALSE
"ğŸ“± TikTok: Quick Makeup Removal Hack","8/16/2025","9:00 PM","8/16/2025","9:10 PM",FALSE,"Gentle way to remove waterproof makeup #MakeupRemoval #SkincareTips #DoubleCleanse","TikTok",FALSE
"ğŸ“¸ Instagram: Best Drugstore Finds","8/16/2025","2:00 PM","8/16/2025","2:15 PM",FALSE,"Affordable beauty products that work like high-end #DrugstoreFinds #AffordableBeauty #BeautyOnABudget","Instagram",FALSE
"ğŸ“± TikTok: Quick Brow Lamination at Home","8/17/2025","11:00 AM","8/17/2025","11:10 AM",FALSE,"How to get laminated brows at home #BrowLamination #BrowTutorial #AtHomeBeauty","TikTok",FALSE
"ğŸ“¸ Instagram: Skincare for Sensitive Skin","8/17/2025","3:00 PM","8/17/2025","3:15 PM",FALSE,"Gentle skincare routine for sensitive skin types #SensitiveSkin #GentleSkincare #SkincareRoutine","Instagram",FALSE
"ğŸ“± TikTok: Quick Makeup for Glasses Wearers","8/18/2025","6:00 PM","8/18/2025","6:10 PM",FALSE,"Makeup tips for people who wear glasses #GlassesMakeup #MakeupForGlasses #BeautyHack","TikTok",FALSE
"ğŸ“¸ Instagram: Best Sunscreens for Face","8/18/2025","1:00 PM","8/18/2025","1:15 PM",FALSE,"Top 5 facial sunscreens for different skin types #Sunscreen #SPF #SunProtection","Instagram",FALSE
"ğŸ“ Blog: How to Get Rid of Dark Circles","8/19/2025","10:00 AM","8/19/2025","11:00 AM",FALSE,"Comprehensive guide to treating dark circles naturally and with products #DarkCircles #EyeCare #SkincareTips","Website",FALSE
"ğŸ“± TikTok: Quick Heatless Curls","8/19/2025","8:00 PM","8/19/2025","8:10 PM",FALSE,"Heatless curls overnight for beautiful waves #HeatlessCurls #HairTutorial #NoHeat","TikTok",FALSE
"ğŸ“¸ Instagram: Makeup Brushes 101","8/20/2025","2:00 PM","8/20/2025","2:15 PM",FALSE,"Guide to essential makeup brushes and how to use them #MakeupBrushes #MakeupTips #BeautyTools","Instagram",FALSE
"ğŸ“± TikTok: Quick Lip Liner Hack","8/20/2025","7:00 PM","8/20/2025","7:10 PM",FALSE,"Trick to perfect lip liner application every time #LipLiner #MakeupHack #BeautyTips","TikTok",FALSE
"ğŸ“¸ Instagram: Best Skincare for Dry Winter Skin","8/21/2025","12:00 PM","8/21/2025","12:15 PM",FALSE,"Winter skincare routine to combat dryness #WinterSkin #DrySkin #SkincareRoutine","Instagram",FALSE
"ğŸ“± TikTok: Quick Blush Placement Guide","8/21/2025","5:00 PM","8/21/2025","5:10 PM",FALSE,"Where to apply blush for different face shapes #BlushPlacement #MakeupTutorial #BeautyHack","TikTok",FALSE
"ğŸ“ Blog: The Best Natural Deodorants","8/22/2025","10:00 AM","8/22/2025","11:00 AM",FALSE,"Review of the most effective natural deodorants on the market #NaturalDeodorant #CleanBeauty #NonToxic","Website",FALSE
"ğŸ“¸ Instagram Reels: 5-Minute Face Yoga","8/22/2025","4:00 PM","8/22/2025","4:10 PM",FALSE,"Quick face yoga routine for a natural facelift #FaceYoga #NaturalFacelift #BeautyWorkout","Instagram",FALSE
"ğŸ“± TikTok: Quick Dry Shampoo Hack","8/23/2025","9:00 AM","8/23/2025","9:10 AM",FALSE,"How to make dry shampoo last longer #DryShampoo #HairHack #BeautyTip","TikTok",FALSE
"ğŸ“¸ Instagram: Best Makeup for Mature Skin","8/23/2025","2:00 PM","8/23/2025","2:15 PM",FALSE,"Makeup tips and products for mature skin #MatureBeauty #AgingGracefully #MakeupOver50","Instagram",FALSE
"ğŸ“± TikTok: Quick Eyebrow Tinting at Home","8/24/2025","11:00 AM","8/24/2025","11:10 AM",FALSE,"Safe way to tint eyebrows at home #BrowTinting #AtHomeBeauty #BrowTutorial","TikTok",FALSE
"ğŸ“¸ Instagram: Best Skincare for Oily Skin","8/24/2025","3:00 PM","8/24/2025","3:15 PM",FALSE,"Skincare routine for oily and acne-prone skin #OilySkin #AcneProne #SkincareRoutine","Instagram",FALSE
"ğŸ“± TikTok: Quick Makeup for Hooded Eyes","8/25/2025","6:00 PM","8/25/2025","6:10 PM",FALSE,"Eye makeup tips for hooded eye shapes #HoodedEyes #EyeMakeup #MakeupTutorial","TikTok",FALSE
"ğŸ“¸ Instagram: Best Drugstore Skincare","8/25/2025","1:00 PM","8/25/2025","1:15 PM",FALSE,"Affordable skincare products that actually work #DrugstoreSkincare #AffordableBeauty #SkincareOnABudget","Instagram",FALSE
"ğŸ“ Blog: The Truth About Hyaluronic Acid","8/26/2025","10:00 AM","8/26/2025","11:00 AM",FALSE,"Everything you need to know about hyaluronic acid in skincare #HyaluronicAcid #SkincareIngredients #Hydration","Website",FALSE
"ğŸ“± TikTok: Quick Makeup for Glowing Skin","8/26/2025","8:00 PM","8/26/2025","8:10 PM",FALSE,"How to get glass skin with makeup #GlassSkin #GlowingSkin #MakeupTutorial","TikTok",FALSE
"ğŸ“¸ Instagram: Best Makeup for Summer","8/27/2025","2:00 PM","8/27/2025","2:15 PM",FALSE,"Long-lasting makeup tips for hot summer days #SummerMakeup #HeatProofMakeup #BeautyTips","Instagram",FALSE
"ğŸ“± TikTok: Quick Hair Mask DIY","8/27/2025","7:00 PM","8/27/2025","7:10 PM",FALSE,"3-ingredient hair mask for shiny, healthy hair #HairMask #DIYBeauty #HairCare","TikTok",FALSE
"ğŸ“¸ Instagram: Best Skincare for Combination Skin","8/28/2025","12:00 PM","8/28/2025","12:15 PM",FALSE,"Skincare routine for combination skin types #CombinationSkin #SkincareRoutine #BeautyTips","Instagram",FALSE
"ğŸ“± TikTok: Quick Contour for Round Faces","8/28/2025","5:00 PM","8/28/2025","5:10 PM",FALSE,"Contouring tips for round face shapes #ContourTutorial #RoundFace #MakeupTips","TikTok",FALSE
"ğŸ“ Blog: How to Build a Skincare Routine","8/29/2025","10:00 AM","8/29/2025","11:00 AM",FALSE,"Step-by-step guide to creating the perfect skincare routine #SkincareRoutine #Skincare101 #BeautyGuide","Website",FALSE
"ğŸ“¸ Instagram Reels: 5-Minute Makeup for Moms","8/29/2025","4:00 PM","8/29/2025","4:10 PM",FALSE,"Quick and easy makeup routine for busy moms #MomMakeup #QuickMakeup #BusyMomLife","Instagram",FALSE
"ğŸ“± TikTok: Quick Fix for Chapped Lips","8/30/2025","9:00 AM","8/30/2025","9:10 AM",FALSE,"Overnight lip treatment for soft, smooth lips #LipCare #ChappedLips #BeautyHack","TikTok",FALSE
"ğŸ“¸ Instagram: Best Makeup for Date Night","8/30/2025","2:00 PM","8/30/2025","2:15 PM",FALSE,"Romantic makeup look for date night #DateNightMakeup #RomanticLook #MakeupTutorial","Instagram",FALSE
"ğŸ“± TikTok: Quick Hairstyle for Work","8/31/2025","8:00 AM","8/31/2025","8:10 AM",FALSE,"Professional hairstyle in under 5 minutes #WorkHairstyle #ProfessionalLook #HairTutorial","TikTok",FALSE
"ğŸ“¸ Instagram: Best Skincare for Acne Scars","8/31/2025","3:00 PM","8/31/2025","3:15 PM",FALSE,"Products and treatments for fading acne scars #AcneScars #SkincareRoutine #ClearSkin","Instagram",FALSE
